{"cameraMode":{"drawMode":0,"name":"Shaded","section":"Shading Mode"},"sceneLighting":true,"audioPlay":false,"sceneViewState":{"showFog":true,"showMaterialUpdate":false,"showSkybox":true,"showFlares":true,"showImageEffects":true,"showParticleSystems":true},"in2DMode":false,"pivot":{"x":-1.449594497680664,"y":1.9076225757598878,"z":0.5951085090637207},"rotation":{"x":-0.057464152574539188,"y":0.8853273987770081,"z":-0.11377360671758652,"w":-0.4471563994884491},"size":10.0,"orthographic":false}